5701,普通,・・,・・,・・,・・,・・,・・,・・,・・,・・,・・,・・,・・,・・,・・,・・,・・,・・,5:20,5:25,5:28,5:31,5:34,5:37
5703,普通,・・,・・,・・,・・,・・,・・,・・,・・,・・,・・,・・,・・,・・,・・,・・,・・,・・,5:39,5:44,5:47,5:50,5:54,5:56
5001,普通,5:08,5:10,5:13,5:16,5:19,5:22,5:24,5:27,5:28,5:31,5:34,5:36,5:38,5:39,5:42,5:44,5:48,5:49,5:54,5:57,6:00,6:03,6:06
5003,普通,5:30,5:32,5:35,5:38,5:41,5:44,5:46,5:49,5:49,5:53,5:55,5:58,6:00,6:01,6:04,6:06,6:10,6:12,6:16,6:20,6:23,6:26,6:28
5005,普通,5:42,5:45,5:47,5:50,5:53,5:56,5:58,6:01,6:02,6:05,6:08,6:10,6:12,6:17,6:20,6:22,6:26,6:28,6:32,6:36,6:39,6:42,6:45
3001,快速,5:50,5:53,5:55,5:58,6:01,↓,↓,↓,↓,↓,6:11,↓,6:14,6:15,↓,↓,6:22,6:23,↓,↓,↓,↓,6:35
5201,普通,5:55,5:58,6:00,6:03,6:06,6:09,6:11,6:14,6:15,6:18,6:21,6:23,6:25,6:26,6:29,6:31,6:35,・・,・・,・・,・・,・・,・・
4001,区快,6:06,6:08,6:11,6:14,6:17,↓,↓,6:23,6:23,6:26,6:29,↓,6:33,6:33,6:36,↓,6:41,6:42,6:47,6:50,6:53,6:56,6:59
5203,普通,6:09,6:12,6:14,6:17,6:20,6:23,6:25,6:28,6:29,6:32,6:35,6:37,6:39,6:40,6:43,6:45,6:49,・・,・・,・・,・・,・・,・・
4003,区快,6:17,6:20,6:22,6:25,6:28,↓,↓,6:35,6:36,6:39,6:43,↓,6:46,6:47,6:50,↓,6:55,6:56,7:00,7:04,7:07,7:10,7:12
5007,普通,6:20,6:22,6:25,6:28,6:31,6:34,6:36,6:39,6:39,6:43,6:45,6:48,6:50,6:51,6:54,6:56,7:00,7:04,7:10,7:14,7:17,7:20,7:22
3003,快速,6:28,6:31,6:34,6:37,6:40,↓,↓,↓,↓,↓,6:51,↓,6:55,6:55,↓,↓,7:02,7:03,↓,↓,↓,↓,7:15
5009,普通,6:31,6:33,6:36,6:39,6:42,6:45,6:47,6:50,6:51,6:54,6:57,6:59,7:01,7:02,7:05,7:08,7:11,7:13,7:18,7:21,7:24,7:28,7:30
5205,普通,6:35,6:38,6:41,6:44,6:46,6:50,6:52,6:55,6:56,6:59,7:02,7:04,7:06,7:07,7:10,7:13,7:17,・・,・・,・・,・・,・・,・・
5207,普通,6:40,6:42,6:45,6:48,6:51,6:54,6:56,6:59,7:04,7:07,7:11,7:13,7:15,7:16,7:20,7:22,7:26,・・,・・,・・,・・,・・,・・
4005,区快,6:43,6:46,6:49,6:52,6:55,↓,↓,7:01,7:01,7:05,7:07,↓,7:11,7:12,7:15,↓,7:20,7:21,7:26,7:29,7:32,7:36,7:38
5011,普通,6:48,6:51,6:53,6:56,6:59,7:02,7:04,7:07,7:08,7:12,7:15,7:17,7:19,7:23,7:26,7:28,7:32,7:33,7:38,7:41,7:44,7:48,7:50
5209,普通,6:52,6:55,6:58,7:01,7:03,7:06,7:08,7:12,7:15,7:19,7:22,7:24,7:26,7:27,7:30,7:32,7:36,・・,・・,・・,・・,・・,・・
3005,快速,6:57,6:59,7:02,7:05,7:08,↓,↓,↓,↓,↓,7:18,↓,7:21,7:22,↓,↓,7:29,7:30,↓,↓,↓,↓,7:42
5211,普通,7:00,7:02,7:05,7:08,7:11,7:14,7:16,7:19,7:20,7:23,7:26,7:28,7:30,7:31,7:34,7:36,7:40,・・,・・,・・,・・,・・,・・
5213,普通,7:05,7:08,7:10,7:13,7:16,7:19,7:21,7:24,7:25,7:28,7:31,7:34,7:36,7:41,7:44,7:46,7:50,・・,・・,・・,・・,・・,・・
4007,区快,7:11,7:13,7:16,7:19,7:22,↓,↓,7:28,7:28,7:31,7:34,↓,7:38,7:38,7:41,↓,7:46,7:47,7:52,7:55,7:58,8:01,8:04
5215,普通,7:13,7:16,7:18,7:21,7:24,7:27,7:29,7:32,7:33,7:36,7:39,7:42,7:44,7:44,7:47,7:50,7:54,・・,・・,・・,・・,・・,・・
5013,普通,7:18,7:21,7:23,7:26,7:29,7:32,7:34,7:37,7:38,7:41,7:44,7:47,7:49,7:53,7:56,7:59,8:02,8:03,8:08,8:11,8:14,8:18,8:20
5217,普通,7:22,7:24,7:27,7:30,7:33,7:36,7:38,7:41,7:45,7:48,7:52,7:54,7:56,7:57,8:00,8:02,8:06,・・,・・,・・,・・,・・,・・
3007,快速,7:25,7:27,7:30,7:33,7:36,↓,↓,↓,↓,↓,7:48,↓,7:51,7:52,↓,↓,7:59,8:00,↓,↓,↓,↓,8:12
5501,普通,7:28,7:31,7:33,7:36,7:39,7:42,7:44,7:47,・・,・・,・・,・・,・・,・・,・・,・・,・・,・・,・・,・・,・・,・・,・・
4201,区快,7:32,7:34,7:37,7:40,7:43,↓,↓,7:50,7:50,7:54,7:56,↓,8:00,8:00,8:03,↓,8:08,・・,・・,・・,・・,・・,・・
5501,普通,7:28,7:31,7:33,7:36,7:39,7:42,7:44,7:47,・・,・・,・・,・・,・・,・・,・・,・・,・・,・・,・・,・・,・・,・・,・・
4201,区快,7:32,7:34,7:37,7:40,7:43,↓,↓,7:50,7:50,7:54,7:56,↓,8:00,8:00,8:03,↓,8:08,・・,・・,・・,・・,・・,・・
5219,普通,7:35,7:38,7:40,7:43,7:46,7:49,7:51,7:54,7:55,7:58,8:01,8:04,8:06,8:10,8:13,8:16,8:19,・・,・・,・・,・・,・・,・・
4009,区快,7:39,7:42,7:44,7:47,7:50,↓,↓,7:58,7:58,8:01,8:04,↓,8:08,8:08,8:11,↓,8:16,8:17,8:22,8:25,8:28,8:31,8:34
5221,普通,7:42,7:45,7:47,7:50,7:53,7:56,7:58,8:01,8:02,8:05,8:08,8:10,8:12,8:17,8:20,8:22,8:26,・・,・・,・・,・・,・・,・・
4203,区快,7:46,7:48,7:51,7:54,7:57,↓,↓,8:04,8:05,8:08,8:11,↓,8:14,8:15,8:18,↓,8:23,・・,・・,・・,・・,・・,・・
5223,普通,7:48,7:51,7:54,7:57,7:59,8:02,8:04,8:08,8:08,8:11,8:14,8:17,8:19,8:19,8:22,8:25,8:29,・・,・・,・・,・・,・・,・・
4011,区快,7:52,7:55,7:57,8:00,8:03,↓,↓,8:11,8:12,8:15,8:18,↓,8:22,8:23,8:26,↓,8:31,8:32,8:36,8:40,8:43,8:46,8:48
5503,普通,7:55,7:57,8:00,8:03,8:06,8:09,8:11,8:14,・・,・・,・・,・・,・・,・・,・・,・・,・・,・・,・・,・・,・・,・・,・・
5225,普通,7:57,8:00,8:02,8:05,8:08,8:11,8:13,8:16,8:17,8:20,8:23,8:25,8:27,8:28,8:31,8:33,8:37,・・,・・,・・,・・,・・,・・
5227,普通,8:00,8:03,8:05,8:08,8:11,8:14,8:16,8:19,8:20,8:23,8:26,8:28,8:30,8:31,8:34,8:36,8:40,・・,・・,・・,・・,・・,・・
4013,区快,8:03,8:06,8:08,8:11,8:14,↓,↓,8:22,8:23,8:26,8:30,↓,8:33,8:34,8:37,↓,8:42,8:44,8:48,8:52,8:55,8:58,9:01
5229,普通,8:06,8:08,8:11,8:14,8:17,8:20,8:22,8:25,8:26,8:29,8:32,8:34,8:36,8:37,8:40,8:42,8:46,・・,・・,・・,・・,・・,・・
5231,普通,8:09,8:11,8:14,8:17,8:20,8:23,8:25,8:28,8:29,8:32,8:35,8:38,8:40,8:40,8:43,8:46,8:50,・・,・・,・・,・・,・・,・・
5015,普通,8:11,8:14,8:16,8:19,8:22,8:25,8:27,8:30,8:32,8:35,8:38,8:41,8:43,8:47,8:50,8:53,8:57,8:58,9:03,9:06,9:09,9:13,9:15
5505,普通,8:13,8:16,8:19,8:22,8:24,8:27,8:29,8:33,・・,・・,・・,・・,・・,・・,・・,・・,・・,・・,・・,・・,・・,・・,・・
5233,普通,8:16,8:19,8:21,8:24,8:27,8:30,8:32,8:35,8:38,8:42,8:45,8:47,8:49,8:50,8:53,8:56,8:59,・・,・・,・・,・・,・・,・・
3009,快速,8:19,8:21,8:24,8:27,8:30,↓,↓,↓,↓,↓,8:42,↓,8:45,8:46,↓,↓,8:52,8:53,↓,↓,↓,↓,9:05
5235,普通,8:22,8:24,8:27,8:30,8:33,8:36,8:38,8:41,8:45,8:49,8:52,8:54,8:56,8:57,9:00,9:02,9:06,・・,・・,・・,・・,・・,・・
4205,区快,8:25,8:27,8:30,8:33,8:36,↓,↓,8:43,8:43,8:47,8:49,↓,8:53,8:53,8:57,↓,9:01,・・,・・,・・,・・,・・,・・
5237,普通,8:27,8:30,8:33,8:36,8:38,8:42,8:44,8:47,8:48,8:51,8:54,8:57,8:59,8:59,9:03,9:05,9:09,・・,・・,・・,・・,・・,・・
5239,普通,8:30,8:33,8:35,8:38,8:42,8:45,8:47,8:50,8:54,8:58,9:01,9:03,9:05,9:06,9:09,9:11,9:15,・・,・・,・・,・・,・・,・・
4015,区快,8:33,8:36,8:39,8:42,8:45,↓,↓,8:52,8:52,8:56,8:58,↓,9:02,9:03,9:06,↓,9:11,9:12,9:16,9:20,9:23,9:26,9:29
5241,普通,8:36,8:39,8:42,8:45,8:48,8:51,8:53,8:56,8:57,9:00,9:03,9:06,9:08,9:08,9:11,9:14,9:17,・・,・・,・・,・・,・・,・・
5243,普通,8:39,8:42,8:44,8:47,8:51,8:54,8:56,8:59,8:59,9:03,9:05,9:08,9:10,9:11,9:14,9:16,9:20,・・,・・,・・,・・,・・,・・
5017,普通,8:42,8:45,8:47,8:50,8:53,8:56,8:58,9:01,9:02,9:05,9:08,9:10,9:12,9:16,9:20,9:22,9:26,9:27,9:31,9:35,9:38,9:41,9:44
5507,普通,8:45,8:48,8:50,8:53,8:56,8:59,9:01,9:04,・・,・・,・・,・・,・・,・・,・・,・・,・・,・・,・・,・・,・・,・・,・・
3011,快速,8:48,8:51,8:53,8:56,8:59,↓,↓,↓,↓,↓,9:11,↓,9:14,9:15,↓,↓,9:22,9:23,↓,↓,↓,↓,9:35
5507,普通,8:45,8:48,8:50,8:53,8:56,8:59,9:01,9:04,・・,・・,・・,・・,・・,・・,・・,・・,・・,・・,・・,・・,・・,・・,・・
3011,快速,8:48,8:51,8:53,8:56,8:59,↓,↓,↓,↓,↓,9:11,↓,9:14,9:15,↓,↓,9:22,9:23,↓,↓,↓,↓,9:35
5245,普通,8:50,8:53,8:56,8:59,9:01,9:05,9:07,9:10,9:10,9:13,9:16,9:19,9:21,9:21,9:25,9:27,9:31,・・,・・,・・,・・,・・,・・
5247,普通,8:53,8:56,8:59,9:02,9:04,9:07,9:09,9:13,9:13,9:17,9:19,9:22,9:24,9:25,9:28,9:30,9:34,・・,・・,・・,・・,・・,・・
5249,普通,8:56,8:59,9:01,9:04,9:07,9:10,9:12,9:15,9:20,9:23,9:26,9:29,9:31,9:31,9:34,9:37,9:40,・・,・・,・・,・・,・・,・・
4017,区快,9:00,9:03,9:06,9:09,9:11,↓,↓,9:17,9:18,9:21,9:24,↓,9:27,9:28,9:31,↓,9:36,9:37,9:42,9:45,9:48,9:52,9:54
5251,普通,9:03,9:05,9:08,9:11,9:14,9:17,9:19,9:22,9:27,9:30,9:33,9:35,9:37,9:38,9:41,9:43,9:47,・・,・・,・・,・・,・・,・・
4207,区快,9:07,9:10,9:12,9:15,9:18,↓,↓,9:24,9:25,9:28,9:31,↓,9:34,9:34,9:38,↓,9:42,・・,・・,・・,・・,・・,・・
5253,普通,9:09,9:12,9:15,9:18,9:20,9:24,9:26,9:29,9:33,9:36,9:39,9:42,9:44,9:45,9:48,9:50,9:54,・・,・・,・・,・・,・・,・・
4019,区快,9:13,9:16,9:19,9:22,9:25,↓,↓,9:31,9:31,9:34,9:37,↓,9:41,9:41,9:44,↓,9:49,9:50,9:55,9:58,10:01,10:04,10:07
5255,普通,9:17,9:20,9:23,9:26,9:28,9:32,9:34,9:37,9:37,9:40,9:43,9:46,9:48,9:48,9:52,9:54,9:58,・・,・・,・・,・・,・・,・・
5019,普通,9:21,9:24,9:27,9:30,9:33,9:36,9:38,9:41,9:42,9:45,9:48,9:51,9:53,9:56,10:00,10:02,10:06,10:07,10:11,10:15,10:18,10:21,10:24
5257,普通,9:25,9:28,9:31,9:34,9:36,9:39,9:41,9:45,9:49,9:52,9:55,9:57,9:59,10:00,10:03,10:05,10:09,・・,・・,・・,・・,・・,・・
3013,快速,9:30,9:32,9:35,9:38,9:41,↓,↓,↓,↓,↓,9:51,↓,9:55,9:55,↓,↓,10:02,10:03,↓,↓,↓,↓,10:15
5259,普通,9:33,9:35,9:38,9:41,9:44,9:47,9:49,9:52,9:53,9:56,9:59,10:02,10:04,10:04,10:08,10:10,10:14,・・,・・,・・,・・,・・,・・
5261,普通,9:38,9:41,9:44,9:47,9:49,9:52,9:54,9:58,10:02,10:05,10:08,10:11,10:13,10:13,10:17,10:19,10:23,・・,・・,・・,・・,・・,・・
4021,区快,9:43,9:45,9:48,9:51,9:54,↓,↓,10:00,10:00,10:03,10:06,↓,10:09,10:10,10:13,↓,10:18,10:19,10:24,10:27,10:30,10:34,10:36
5263,普通,9:47,9:50,9:52,9:55,9:58,10:01,10:03,10:06,10:07,10:10,10:13,10:16,10:18,10:18,10:21,10:24,10:27,・・,・・,・・,・・,・・,・・
5021,普通,9:52,9:55,9:57,10:00,10:03,10:06,10:08,10:11,10:12,10:15,10:18,10:21,10:23,10:26,10:30,10:32,10:36,10:37,10:41,10:45,10:48,10:51,10:54
3015,快速,10:00,10:02,10:05,10:08,10:11,↓,↓,↓,↓,↓,10:21,↓,10:25,10:25,↓,↓,10:32,10:33,↓,↓,↓,↓,10:45
5265,普通,10:02,10:05,10:07,10:10,10:13,10:16,10:18,10:21,10:22,10:25,10:28,10:31,10:33,10:34,10:37,10:39,10:43,・・,・・,・・,・・,・・,・・
5267,普通,10:09,10:12,10:14,10:17,10:20,10:23,10:25,10:28,10:33,10:36,10:39,10:42,10:44,10:44,10:47,10:50,10:53,・・,・・,・・,・・,・・,・・
4023,区快,10:13,10:16,10:18,10:21,10:24,↓,↓,10:30,10:31,10:34,10:37,↓,10:40,10:41,10:44,↓,10:49,10:50,10:54,10:58,11:01,11:04,11:06
5023,普通,10:18,10:21,10:23,10:26,10:29,10:32,10:34,10:37,10:38,10:41,10:44,10:47,10:49,10:49,10:52,10:55,10:58,11:05,11:11,11:14,11:17,11:20,11:23
5269,普通,10:25,10:28,10:31,10:34,10:36,10:39,10:41,10:45,10:48,10:52,10:55,10:57,10:59,11:00,11:03,11:05,11:09,・・,・・,・・,・・,・・,・・
3017,快速,10:30,10:32,10:35,10:38,10:41,↓,↓,↓,↓,↓,10:51,↓,10:55,10:55,↓,↓,11:02,11:03,↓,↓,↓,↓,11:15
5271,普通,10:36,10:39,10:42,10:45,10:47,10:50,10:52,10:56,10:56,10:59,11:02,11:05,11:07,11:07,11:10,11:13,11:17,・・,・・,・・,・・,・・,・・
4025,区快,10:43,10:46,10:49,10:52,10:54,↓,↓,11:00,11:01,11:04,11:07,↓,11:10,11:11,11:14,↓,11:19,11:20,11:24,11:28,11:31,11:34,11:36
5271,普通,10:36,10:39,10:42,10:45,10:47,10:50,10:52,10:56,10:56,10:59,11:02,11:05,11:07,11:07,11:10,11:13,11:17,・・,・・,・・,・・,・・,・・
4025,区快,10:43,10:46,10:49,10:52,10:54,↓,↓,11:00,11:01,11:04,11:07,↓,11:10,11:11,11:14,↓,11:19,11:20,11:24,11:28,11:31,11:34,11:36
5025,普通,10:48,10:51,10:53,10:56,10:59,11:02,11:04,11:07,11:08,11:11,11:14,11:17,11:19,11:19,11:22,11:25,11:28,11:35,11:41,11:44,11:47,11:50,11:53
5273,普通,10:55,10:58,11:00,11:03,11:06,11:09,11:11,11:15,11:18,11:21,11:24,11:27,11:29,11:29,11:32,11:35,11:39,・・,・・,・・,・・,・・,・・
3019,快速,11:00,11:02,11:05,11:08,11:11,↓,↓,↓,↓,↓,11:21,↓,11:25,11:25,↓,↓,11:32,11:33,↓,↓,↓,↓,11:45
5275,普通,11:06,11:09,11:12,11:15,11:17,11:20,11:22,11:26,11:26,11:29,11:32,11:35,11:37,11:37,11:40,11:43,11:47,・・,・・,・・,・・,・・,・・
4027,区快,11:13,11:16,11:19,11:22,11:24,↓,↓,11:30,11:31,11:34,11:37,↓,11:40,11:41,11:44,↓,11:49,11:50,11:54,11:58,12:01,12:04,12:06
5027,普通,11:18,11:21,11:23,11:26,11:29,11:32,11:34,11:37,11:38,11:41,11:44,11:47,11:49,11:49,11:52,11:55,11:58,12:05,12:11,12:14,12:17,12:20,12:23
5277,普通,11:24,11:27,11:30,11:33,11:36,11:39,11:41,11:44,11:48,11:51,11:54,11:57,11:59,11:59,12:02,12:05,12:09,・・,・・,・・,・・,・・,・・
3021,快速,11:30,11:32,11:35,11:38,11:41,↓,↓,↓,↓,↓,11:51,↓,11:55,11:55,↓,↓,12:02,12:03,↓,↓,↓,↓,12:15
5279,普通,11:36,11:39,11:42,11:45,11:47,11:50,11:52,11:56,11:56,11:59,12:02,12:05,12:07,12:07,12:10,12:13,12:17,・・,・・,・・,・・,・・,・・
4029,区快,11:43,11:46,11:49,11:52,11:54,↓,↓,12:00,12:01,12:04,12:07,↓,12:10,12:11,12:14,↓,12:19,12:20,12:24,12:28,12:31,12:34,12:36
5029,普通,11:48,11:51,11:53,11:56,11:59,12:02,12:04,12:07,12:08,12:11,12:14,12:17,12:19,12:19,12:22,12:25,12:28,12:35,12:41,12:44,12:47,12:50,12:53
5281,普通,11:54,11:57,12:00,12:03,12:06,12:09,12:11,12:14,12:18,12:21,12:24,12:27,12:29,12:29,12:32,12:35,12:39,・・,・・,・・,・・,・・,・・
3023,快速,12:00,12:02,12:05,12:08,12:11,↓,↓,↓,↓,↓,12:21,↓,12:25,12:25,↓,↓,12:32,12:33,↓,↓,↓,↓,12:45
5283,普通,12:06,12:09,12:12,12:15,12:17,12:20,12:22,12:26,12:26,12:29,12:32,12:35,12:37,12:37,12:40,12:43,12:47,・・,・・,・・,・・,・・,・・
4031,区快,12:13,12:16,12:19,12:22,12:24,↓,↓,12:30,12:31,12:34,12:37,↓,12:40,12:41,12:44,↓,12:49,12:50,12:54,12:58,13:01,13:04,13:06
5031,普通,12:18,12:21,12:23,12:26,12:29,12:32,12:34,12:37,12:38,12:41,12:44,12:47,12:49,12:49,12:52,12:55,12:58,13:05,13:11,13:14,13:17,13:20,13:23
5285,普通,12:24,12:27,12:30,12:33,12:36,12:39,12:41,12:44,12:48,12:51,12:54,12:57,12:59,12:59,13:02,13:05,13:09,・・,・・,・・,・・,・・,・・
3025,快速,12:30,12:32,12:35,12:38,12:41,↓,↓,↓,↓,↓,12:51,↓,12:55,12:55,↓,↓,13:02,13:03,↓,↓,↓,↓,13:15
5287,普通,12:36,12:39,12:42,12:45,12:47,12:50,12:52,12:56,12:56,12:59,13:02,13:05,13:07,13:07,13:10,13:13,13:17,・・,・・,・・,・・,・・,・・
4033,区快,12:43,12:46,12:49,12:52,12:54,↓,↓,13:00,13:01,13:04,13:07,↓,13:10,13:11,13:14,↓,13:19,13:20,13:24,13:28,13:31,13:34,13:36
5033,普通,12:48,12:51,12:53,12:56,12:59,13:02,13:04,13:07,13:08,13:11,13:14,13:17,13:19,13:19,13:22,13:25,13:28,13:35,13:41,13:44,13:47,13:50,13:53
5289,普通,12:54,12:57,13:00,13:03,13:06,13:09,13:11,13:14,13:18,13:21,13:24,13:27,13:29,13:29,13:32,13:35,13:39,・・,・・,・・,・・,・・,・・
3027,快速,13:00,13:02,13:05,13:08,13:11,↓,↓,↓,↓,↓,13:21,↓,13:25,13:25,↓,↓,13:32,13:33,↓,↓,↓,↓,13:45
5291,普通,13:06,13:09,13:12,13:15,13:17,13:20,13:22,13:26,13:26,13:29,13:32,13:35,13:37,13:37,13:40,13:43,13:47,・・,・・,・・,・・,・・,・・
4035,区快,13:13,13:16,13:19,13:22,13:24,↓,↓,13:30,13:31,13:34,13:37,↓,13:40,13:41,13:44,↓,13:49,13:50,13:54,13:58,14:01,14:04,14:06
5035,普通,13:18,13:21,13:23,13:26,13:29,13:32,13:34,13:37,13:38,13:41,13:44,13:47,13:49,13:49,13:52,13:55,13:58,14:05,14:11,14:14,14:17,14:20,14:23
4035,区快,13:13,13:16,13:19,13:22,13:24,↓,↓,13:30,13:31,13:34,13:37,↓,13:40,13:41,13:44,↓,13:49,13:50,13:54,13:58,14:01,14:04,14:06
5035,普通,13:18,13:21,13:23,13:26,13:29,13:32,13:34,13:37,13:38,13:41,13:44,13:47,13:49,13:49,13:52,13:55,13:58,14:05,14:11,14:14,14:17,14:20,14:23
5293,普通,13:24,13:27,13:30,13:33,13:36,13:39,13:41,13:44,13:48,13:51,13:54,13:57,13:59,13:59,14:02,14:05,14:09,・・,・・,・・,・・,・・,・・
3029,快速,13:30,13:32,13:35,13:38,13:41,↓,↓,↓,↓,↓,13:51,↓,13:55,13:55,↓,↓,14:02,14:03,↓,↓,↓,↓,14:15
5295,普通,13:36,13:39,13:42,13:45,13:47,13:50,13:52,13:56,13:56,13:59,14:02,14:05,14:07,14:07,14:10,14:13,14:17,・・,・・,・・,・・,・・,・・
4037,区快,13:43,13:46,13:49,13:52,13:54,↓,↓,14:00,14:01,14:04,14:07,↓,14:10,14:11,14:14,↓,14:19,14:20,14:24,14:28,14:31,14:34,14:36
5037,普通,13:48,13:51,13:53,13:56,13:59,14:02,14:04,14:07,14:08,14:11,14:14,14:17,14:19,14:19,14:22,14:25,14:28,14:35,14:41,14:44,14:47,14:50,14:53
5297,普通,13:54,13:57,14:00,14:03,14:06,14:09,14:11,14:14,14:18,14:21,14:24,14:27,14:29,14:29,14:32,14:35,14:39,・・,・・,・・,・・,・・,・・
3031,快速,14:00,14:02,14:05,14:08,14:11,↓,↓,↓,↓,↓,14:21,↓,14:25,14:25,↓,↓,14:32,14:33,↓,↓,↓,↓,14:45
5299,普通,14:06,14:09,14:12,14:15,14:17,14:20,14:22,14:26,14:26,14:29,14:32,14:35,14:37,14:37,14:40,14:43,14:47,・・,・・,・・,・・,・・,・・
4039,区快,14:13,14:16,14:19,14:22,14:24,↓,↓,14:30,14:31,14:34,14:37,↓,14:40,14:41,14:44,↓,14:49,14:50,14:54,14:58,15:01,15:04,15:06
5039,普通,14:18,14:21,14:23,14:26,14:29,14:32,14:34,14:37,14:38,14:41,14:44,14:47,14:49,14:49,14:52,14:55,14:58,15:05,15:11,15:14,15:17,15:20,15:23
5301,普通,14:24,14:27,14:30,14:33,14:36,14:39,14:41,14:44,14:48,14:51,14:54,14:57,14:59,14:59,15:02,15:05,15:09,・・,・・,・・,・・,・・,・・
3033,快速,14:30,14:32,14:35,14:38,14:41,↓,↓,↓,↓,↓,14:51,↓,14:55,14:55,↓,↓,15:02,15:03,↓,↓,↓,↓,15:15
5303,普通,14:36,14:39,14:42,14:45,14:47,14:50,14:52,14:56,14:56,14:59,15:02,15:05,15:07,15:07,15:10,15:13,15:17,・・,・・,・・,・・,・・,・・
4041,区快,14:43,14:46,14:49,14:52,14:54,↓,↓,15:00,15:01,15:04,15:07,↓,15:10,15:11,15:14,↓,15:19,15:20,15:24,15:28,15:31,15:34,15:36
5041,普通,14:48,14:51,14:53,14:56,14:59,15:02,15:04,15:07,15:08,15:11,15:14,15:17,15:19,15:19,15:22,15:25,15:28,15:35,15:41,15:44,15:47,15:50,15:53
5305,普通,14:54,14:57,15:00,15:03,15:06,15:09,15:11,15:14,15:18,15:21,15:24,15:27,15:29,15:29,15:32,15:35,15:39,・・,・・,・・,・・,・・,・・
3035,快速,15:00,15:02,15:05,15:08,15:11,↓,↓,↓,↓,↓,15:21,↓,15:25,15:25,↓,↓,15:32,15:33,↓,↓,↓,↓,15:45
5307,普通,15:06,15:09,15:12,15:15,15:17,15:20,15:22,15:26,15:26,15:29,15:32,15:35,15:37,15:37,15:40,15:43,15:47,・・,・・,・・,・・,・・,・・
4043,区快,15:13,15:16,15:19,15:22,15:24,↓,↓,15:30,15:31,15:34,15:37,↓,15:40,15:41,15:44,↓,15:49,15:50,15:54,15:58,16:01,16:04,16:06
5043,普通,15:18,15:21,15:23,15:26,15:29,15:32,15:34,15:37,15:38,15:41,15:44,15:47,15:49,15:49,15:52,15:55,15:58,16:05,16:11,16:14,16:17,16:20,16:23
5309,普通,15:24,15:27,15:30,15:33,15:36,15:39,15:41,15:44,15:48,15:51,15:54,15:57,15:59,15:59,16:02,16:05,16:09,・・,・・,・・,・・,・・,・・
3037,快速,15:30,15:32,15:35,15:38,15:41,↓,↓,↓,↓,↓,15:51,↓,15:55,15:55,↓,↓,16:02,16:03,↓,↓,↓,↓,16:15
5311,普通,15:36,15:39,15:42,15:45,15:47,15:50,15:52,15:56,15:56,15:59,16:02,16:05,16:07,16:07,16:10,16:13,16:17,・・,・・,・・,・・,・・,・・
4045,区快,15:43,15:46,15:49,15:52,15:54,↓,↓,16:00,16:01,16:04,16:07,↓,16:10,16:11,16:14,↓,16:19,16:20,16:24,16:28,16:31,16:34,16:36
5045,普通,15:48,15:51,15:53,15:56,15:59,16:02,16:04,16:07,16:08,16:11,16:14,16:17,16:19,16:19,16:22,16:25,16:28,16:35,16:41,16:44,16:47,16:50,16:53
5313,普通,15:54,15:57,16:00,16:03,16:06,16:09,16:11,16:14,16:18,16:21,16:24,16:27,16:29,16:29,16:32,16:35,16:39,・・,・・,・・,・・,・・,・・
5045,普通,15:48,15:51,15:53,15:56,15:59,16:02,16:04,16:07,16:08,16:11,16:14,16:17,16:19,16:19,16:22,16:25,16:28,16:35,16:41,16:44,16:47,16:50,16:53
5313,普通,15:54,15:57,16:00,16:03,16:06,16:09,16:11,16:14,16:18,16:21,16:24,16:27,16:29,16:29,16:32,16:35,16:39,・・,・・,・・,・・,・・,・・
3039,快速,16:00,16:02,16:05,16:08,16:11,↓,↓,↓,↓,↓,16:21,↓,16:25,16:25,↓,↓,16:32,16:33,↓,↓,↓,↓,16:45
5315,普通,16:06,16:09,16:12,16:15,16:17,16:20,16:22,16:26,16:26,16:29,16:32,16:35,16:37,16:37,16:40,16:43,16:47,・・,・・,・・,・・,・・,・・
4047,区快,16:13,16:16,16:19,16:22,16:24,↓,↓,16:30,16:31,16:34,16:37,↓,16:40,16:41,16:44,↓,16:49,16:50,16:54,16:58,17:01,17:04,17:06
5047,普通,16:18,16:21,16:23,16:26,16:29,16:32,16:34,16:37,16:38,16:41,16:44,16:47,16:49,16:49,16:52,16:55,16:58,17:05,17:11,17:14,17:17,17:20,17:23
5317,普通,16:24,16:27,16:30,16:33,16:36,16:39,16:41,16:44,16:48,16:51,16:54,16:57,16:59,16:59,17:02,17:05,17:08,・・,・・,・・,・・,・・,・・
3041,快速,16:30,16:32,16:35,16:38,16:41,↓,↓,↓,↓,↓,16:51,↓,16:55,16:55,↓,↓,17:02,17:03,↓,↓,↓,↓,17:15
5319,普通,16:35,16:38,16:41,16:44,16:46,16:49,16:51,16:55,16:55,16:58,17:01,17:04,17:06,17:06,17:09,17:12,17:16,・・,・・,・・,・・,・・,・・
4049,区快,16:42,16:45,16:48,16:51,16:53,↓,↓,16:59,17:00,17:03,17:06,↓,17:09,17:10,17:13,↓,17:18,17:19,17:23,17:27,17:30,17:33,17:35
5049,普通,16:47,16:50,16:52,16:55,16:58,17:01,17:03,17:06,17:07,17:10,17:13,17:16,17:18,17:18,17:21,17:24,17:27,17:35,17:41,17:44,17:47,17:50,17:53
5321,普通,16:54,16:57,17:00,17:03,17:06,17:09,17:11,17:14,17:18,17:21,17:24,17:26,17:28,17:29,17:32,17:34,17:38,・・,・・,・・,・・,・・,・・
3043,快速,17:00,17:02,17:05,17:08,17:11,↓,↓,↓,↓,↓,17:21,↓,17:25,17:25,↓,↓,17:32,17:33,↓,↓,↓,↓,17:45
5323,普通,17:04,17:06,17:09,17:12,17:15,17:18,17:20,17:23,17:24,17:27,17:30,17:32,17:34,17:35,17:38,17:40,17:44,・・,・・,・・,・・,・・,・・
4051,区快,17:10,17:13,17:16,17:19,17:21,↓,↓,17:27,17:28,17:31,17:34,↓,17:38,17:38,17:41,↓,17:46,17:47,17:52,17:55,17:58,18:01,18:04
5325,普通,17:13,17:16,17:18,17:21,17:24,17:27,17:29,17:32,17:33,17:36,17:39,17:42,17:44,17:44,17:47,17:50,17:53,・・,・・,・・,・・,・・,・・
4053,区快,17:20,17:23,17:25,17:28,17:31,↓,↓,17:37,17:38,17:41,17:44,↓,17:47,17:47,17:51,↓,17:55,17:56,18:01,18:04,18:07,18:11,18:13
5051,普通,17:23,17:25,17:28,17:31,17:34,17:37,17:39,17:42,17:43,17:46,17:49,17:51,17:53,17:54,17:57,17:59,18:03,18:08,18:14,18:18,18:21,18:24,18:27
5327,普通,17:27,17:30,17:33,17:36,17:38,17:42,17:44,17:47,17:51,17:54,17:57,18:00,18:02,18:02,18:05,18:08,18:11,・・,・・,・・,・・,・・,・・
2001,通快,17:30,17:33,17:36,17:39,17:42,↓,17:46,17:49,17:50,↓,17:55,↓,17:58,17:58,18:02,↓,18:06,18:07,↓,↓,↓,18:18,18:20
5329,普通,17:35,17:37,17:40,17:43,17:46,17:49,17:51,17:54,17:55,17:58,18:01,18:04,18:06,18:06,18:09,18:12,18:16,・・,・・,・・,・・,・・,・・
4055,区快,17:40,17:43,17:46,17:49,17:52,↓,↓,17:58,17:59,18:02,18:05,↓,18:09,18:10,18:13,↓,18:18,18:19,18:23,18:27,18:30,18:33,18:35
5331,普通,17:43,17:46,17:49,17:52,17:55,17:58,18:00,18:03,18:04,18:07,18:10,18:12,18:14,18:15,18:18,18:20,18:24,・・,・・,・・,・・,・・,・・
4057,区快,17:50,17:53,17:55,17:58,18:01,↓,↓,18:07,18:08,18:11,18:14,↓,18:17,18:18,18:21,↓,18:26,18:27,18:32,18:35,18:38,18:41,18:44
5053,普通,17:52,17:55,17:58,18:01,18:03,18:06,18:08,18:12,18:12,18:15,18:18,18:21,18:23,18:23,18:27,18:29,18:33,18:38,18:44,18:48,18:51,18:54,18:57
5333,普通,17:57,18:00,18:03,18:06,18:09,18:12,18:14,18:17,18:21,18:24,18:27,18:30,18:32,18:32,18:35,18:38,18:41,・・,・・,・・,・・,・・,・・
2003,通快,18:00,18:03,18:06,18:09,18:12,↓,18:16,18:19,18:20,↓,18:24,↓,18:28,18:28,18:31,↓,18:36,18:37,↓,↓,↓,18:48,18:50
5335,普通,18:05,18:08,18:10,18:13,18:16,18:19,18:21,18:24,18:25,18:28,18:31,18:34,18:36,18:36,18:39,18:42,18:46,・・,・・,・・,・・,・・,・・
2003,通快,18:00,18:03,18:06,18:09,18:12,↓,18:16,18:19,18:20,↓,18:24,↓,18:28,18:28,18:31,↓,18:36,18:37,↓,↓,↓,18:48,18:50
5335,普通,18:05,18:08,18:10,18:13,18:16,18:19,18:21,18:24,18:25,18:28,18:31,18:34,18:36,18:36,18:39,18:42,18:46,・・,・・,・・,・・,・・,・・
4059,区快,18:10,18:13,18:16,18:19,18:22,↓,↓,18:28,18:29,18:32,18:35,↓,18:39,18:40,18:43,↓,18:48,18:49,18:53,18:57,19:00,19:03,19:05
5337,普通,18:13,18:16,18:18,18:21,18:24,18:27,18:29,18:32,18:33,18:36,18:39,18:42,18:44,18:44,18:47,18:50,18:54,・・,・・,・・,・・,・・,・・
4061,区快,18:20,18:22,18:25,18:28,18:31,↓,↓,18:37,18:37,18:41,18:44,↓,18:47,18:48,18:51,↓,18:56,18:57,19:01,19:05,19:08,19:11,19:14
5055,普通,18:22,18:25,18:27,18:30,18:33,18:36,18:38,18:41,18:42,18:45,18:48,18:51,18:53,18:53,18:56,18:59,19:02,19:08,19:14,19:18,19:21,19:24,19:27
5339,普通,18:27,18:30,18:33,18:36,18:39,18:42,18:44,18:47,18:51,18:54,18:57,19:00,19:02,19:02,19:05,19:08,19:11,・・,・・,・・,・・,・・,・・
2005,通快,18:30,18:33,18:36,18:39,18:42,↓,18:46,18:49,18:50,↓,18:54,↓,18:58,18:58,19:01,↓,19:06,19:07,↓,↓,↓,19:18,19:20
5341,普通,18:35,18:38,18:40,18:43,18:46,18:49,18:51,18:54,18:55,18:58,19:01,19:04,19:06,19:06,19:09,19:12,19:16,・・,・・,・・,・・,・・,・・
4063,区快,18:40,18:43,18:46,18:49,18:52,↓,↓,18:58,18:59,19:02,19:05,↓,19:09,19:10,19:13,↓,19:18,19:19,19:23,19:27,19:30,19:33,19:35
5343,普通,18:43,18:46,18:48,18:51,18:54,18:57,18:59,19:02,19:03,19:06,19:09,19:12,19:14,19:14,19:17,19:20,19:24,・・,・・,・・,・・,・・,・・
4065,区快,18:50,18:52,18:55,18:58,19:01,↓,↓,19:07,19:07,19:11,19:14,↓,19:17,19:18,19:21,↓,19:26,19:27,19:31,19:35,19:38,19:41,19:44
5345,普通,18:52,18:55,18:57,19:00,19:03,19:06,19:08,19:11,19:12,19:15,19:18,19:21,19:23,19:23,19:26,19:29,19:32,・・,・・,・・,・・,・・,・・
5705,普通,・・,・・,・・,・・,・・,・・,・・,・・,・・,・・,・・,・・,・・,・・,・・,・・,・・,19:39,19:45,19:48,19:51,19:55,19:57
5347,普通,18:57,19:00,19:03,19:06,19:09,19:12,19:14,19:17,19:21,19:24,19:27,19:30,19:32,19:32,19:35,19:38,19:41,・・,・・,・・,・・,・・,・・
2007,通快,19:00,19:03,19:06,19:09,19:12,↓,19:16,19:19,19:20,↓,19:24,↓,19:28,19:29,19:32,↓,19:37,19:38,↓,↓,↓,19:48,19:51
5349,普通,19:05,19:08,19:10,19:13,19:16,19:19,19:21,19:24,19:25,19:28,19:31,19:34,19:36,19:36,19:39,19:42,19:46,・・,・・,・・,・・,・・,・・
4067,区快,19:10,19:13,19:16,19:19,19:22,↓,↓,19:28,19:29,19:32,19:35,↓,19:39,19:40,19:43,↓,19:48,19:49,19:53,19:57,20:00,20:03,20:05
5351,普通,19:13,19:16,19:18,19:21,19:24,19:27,19:29,19:32,19:33,19:36,19:39,19:42,19:44,19:44,19:47,19:50,19:54,・・,・・,・・,・・,・・,・・
4069,区快,19:20,19:22,19:25,19:28,19:31,↓,↓,19:37,19:37,19:41,19:44,↓,19:47,19:48,19:51,↓,19:56,19:57,20:01,20:05,20:08,20:11,20:13
5057,普通,19:22,19:25,19:27,19:30,19:33,19:36,19:38,19:41,19:42,19:45,19:48,19:51,19:53,19:53,19:56,19:59,20:02,20:08,20:14,20:18,20:21,20:24,20:27
5353,普通,19:27,19:30,19:33,19:36,19:39,19:42,19:44,19:47,19:51,19:54,19:57,20:00,20:02,20:02,20:05,20:08,20:11,・・,・・,・・,・・,・・,・・
2009,通快,19:30,19:33,19:36,19:39,19:42,↓,19:46,19:49,19:50,↓,19:54,↓,19:58,19:58,20:01,↓,20:06,20:07,↓,↓,↓,20:18,20:20
5355,普通,19:35,19:37,19:40,19:43,19:46,19:49,19:51,19:54,19:55,19:58,20:01,20:04,20:06,20:06,20:09,20:12,20:16,・・,・・,・・,・・,・・,・・
4071,区快,19:40,19:43,19:46,19:49,19:52,↓,↓,19:58,19:59,20:02,20:05,↓,20:09,20:10,20:13,↓,20:18,20:19,20:23,20:27,20:30,20:33,20:35
5357,普通,19:43,19:46,19:48,19:51,19:54,19:57,19:59,20:02,20:03,20:06,20:09,20:12,20:14,20:14,20:17,20:20,20:23,・・,・・,・・,・・,・・,・・
4073,区快,19:50,19:52,19:55,19:58,20:01,↓,↓,20:07,20:07,20:10,20:13,↓,20:17,20:17,20:21,↓,20:25,20:26,20:31,20:34,20:37,20:41,20:43
5359,普通,19:53,19:55,19:58,20:01,20:04,20:07,20:09,20:12,20:13,20:16,20:19,20:21,20:23,20:27,20:31,20:33,20:37,・・,・・,・・,・・,・・,・・
4073,区快,19:50,19:52,19:55,19:58,20:01,↓,↓,20:07,20:07,20:10,20:13,↓,20:17,20:17,20:21,↓,20:25,20:26,20:31,20:34,20:37,20:41,20:43
5359,普通,19:53,19:55,19:58,20:01,20:04,20:07,20:09,20:12,20:13,20:16,20:19,20:21,20:23,20:27,20:31,20:33,20:37,・・,・・,・・,・・,・・,・・
3045,快速,20:00,20:03,20:06,20:09,20:12,↓,↓,↓,↓,↓,20:22,↓,20:25,20:26,↓,↓,20:33,20:35,↓,↓,↓,↓,20:46
5707,普通,・・,・・,・・,・・,・・,・・,・・,・・,・・,・・,・・,・・,・・,・・,・・,・・,・・,20:39,20:43,20:47,20:50,20:53,20:56
5361,普通,20:03,20:06,20:09,20:12,20:14,20:18,20:20,20:23,20:23,20:27,20:29,20:32,20:34,20:35,20:38,20:40,20:44,・・,・・,・・,・・,・・,・・
4075,区快,20:10,20:13,20:16,20:19,20:21,↓,↓,20:27,20:28,20:31,20:34,↓,20:38,20:38,20:42,↓,20:46,20:47,20:52,20:55,20:58,21:02,21:04
5363,普通,20:13,20:15,20:18,20:21,20:24,20:27,20:29,20:32,20:33,20:36,20:39,20:41,20:43,20:44,20:47,20:49,20:53,・・,・・,・・,・・,・・,・・
4077,区快,20:20,20:22,20:25,20:28,20:31,↓,↓,20:37,20:38,20:41,20:44,↓,20:47,20:48,20:52,↓,20:56,20:57,21:02,21:05,21:08,21:12,21:14
5059,普通,20:23,20:26,20:28,20:31,20:34,20:37,20:39,20:42,20:43,20:46,20:49,20:51,20:53,20:58,21:01,21:03,21:07,21:08,21:12,21:16,21:19,21:22,21:25
3047,快速,20:30,20:33,20:36,20:39,20:42,↓,↓,↓,↓,↓,20:52,↓,20:55,20:57,↓,↓,21:03,21:05,↓,↓,↓,↓,21:17
5365,普通,20:33,20:36,20:39,20:42,20:44,20:48,20:50,20:53,20:53,20:57,20:59,21:02,21:04,21:05,21:08,21:10,21:14,・・,・・,・・,・・,・・,・・
4079,区快,20:40,20:42,20:45,20:48,20:51,↓,↓,20:57,20:58,21:01,21:04,↓,21:07,21:08,21:11,↓,21:16,21:17,21:21,21:25,21:28,21:31,21:34
5367,普通,20:43,20:45,20:48,20:51,20:54,20:57,20:59,21:02,21:03,21:06,21:09,21:11,21:13,21:14,21:17,21:19,21:23,・・,・・,・・,・・,・・,・・
4081,区快,20:50,20:52,20:55,20:58,21:01,↓,↓,21:07,21:08,21:11,21:14,↓,21:17,21:18,21:21,↓,21:26,21:27,21:31,21:35,21:38,21:41,21:44
5061,普通,20:53,20:55,20:58,21:01,21:04,21:07,21:09,21:12,21:13,21:16,21:19,21:21,21:23,21:27,21:31,21:33,21:37,21:38,21:42,21:46,21:49,21:52,21:55
3049,快速,21:00,21:03,21:06,21:09,21:12,↓,↓,↓,↓,↓,21:22,↓,21:25,21:26,↓,↓,21:33,21:34,↓,↓,↓,↓,21:46
5369,普通,21:04,21:07,21:09,21:12,21:15,21:18,21:20,21:23,21:24,21:27,21:30,21:33,21:35,21:35,21:38,21:41,21:44,・・,・・,・・,・・,・・,・・
5371,普通,21:10,21:13,21:15,21:18,21:21,21:24,21:26,21:29,21:30,21:33,21:36,21:39,21:41,21:45,21:48,21:51,21:54,・・,・・,・・,・・,・・,・・
4083,区快,21:15,21:18,21:21,21:24,21:26,↓,↓,21:32,21:33,21:36,21:39,↓,21:43,21:43,21:46,↓,21:51,21:52,21:57,22:00,22:03,22:06,22:09
5373,普通,21:21,21:24,21:27,21:30,21:32,21:35,21:37,21:41,21:41,21:44,21:47,21:50,21:52,21:52,21:55,21:58,22:02,・・,・・,・・,・・,・・,・・
4085,区快,21:29,21:31,21:34,21:37,21:40,↓,↓,21:46,21:46,21:49,21:52,↓,21:56,21:56,21:59,↓,22:04,22:05,22:10,22:13,22:16,22:19,22:22
5375,普通,21:33,21:35,21:38,21:41,21:44,21:47,21:49,21:52,21:53,21:56,21:59,22:01,22:03,22:04,22:07,22:09,22:13,・・,・・,・・,・・,・・,・・
4087,区快,21:41,21:43,21:46,21:49,21:52,↓,↓,21:58,21:59,22:02,22:06,↓,22:09,22:10,22:13,↓,22:18,22:20,22:24,22:28,22:31,22:34,22:36
5377,普通,21:44,21:47,21:49,21:52,21:55,21:58,22:00,22:03,22:04,22:07,22:10,22:13,22:15,22:15,22:18,22:21,22:24,・・,・・,・・,・・,・・,・・
5063,普通,21:52,21:54,21:57,22:00,22:03,22:06,22:08,22:11,22:12,22:15,22:18,22:20,22:22,22:26,22:29,22:32,22:35,22:36,22:41,22:44,22:47,22:51,22:53
3051,快速,22:00,22:02,22:05,22:08,22:11,↓,↓,↓,↓,↓,22:21,↓,22:24,22:25,↓,↓,22:32,22:33,↓,↓,↓,↓,22:45
5379,普通,22:04,22:06,22:09,22:12,22:15,22:18,22:20,22:23,22:24,22:27,22:30,22:32,22:34,22:35,22:38,22:40,22:44,・・,・・,・・,・・,・・,・・
5381,普通,22:10,22:13,22:15,22:18,22:21,22:24,22:26,22:29,22:30,22:33,22:36,22:39,22:41,22:45,22:48,22:51,22:54,・・,・・,・・,・・,・・,・・
5379,普通,22:04,22:06,22:09,22:12,22:15,22:18,22:20,22:23,22:24,22:27,22:30,22:32,22:34,22:35,22:38,22:40,22:44,・・,・・,・・,・・,・・,・・
5381,普通,22:10,22:13,22:15,22:18,22:21,22:24,22:26,22:29,22:30,22:33,22:36,22:39,22:41,22:45,22:48,22:51,22:54,・・,・・,・・,・・,・・,・・
4089,区快,22:16,22:18,22:21,22:24,22:27,↓,↓,22:33,22:33,22:36,22:39,↓,22:43,22:43,22:46,↓,22:51,22:52,22:57,23:00,23:03,23:06,23:09
5383,普通,22:22,22:24,22:27,22:30,22:33,22:36,22:38,22:41,22:41,22:45,22:47,22:50,22:52,22:53,22:56,22:58,23:02,・・,・・,・・,・・,・・,・・
4091,区快,22:30,22:32,22:35,22:38,22:41,↓,↓,22:47,22:47,22:50,22:53,↓,22:56,22:57,23:00,↓,23:05,23:06,23:10,23:14,23:17,23:20,23:23
5385,普通,22:34,22:37,22:39,22:42,22:45,22:48,22:50,22:53,22:54,22:57,23:00,23:03,23:05,23:05,23:08,23:11,23:14,・・,・・,・・,・・,・・,・・
5387,普通,22:40,22:43,22:46,22:49,22:51,22:54,22:56,23:00,23:04,23:07,23:10,23:13,23:15,23:15,23:19,23:21,23:25,・・,・・,・・,・・,・・,・・
4093,区快,22:45,22:47,22:50,22:53,22:56,↓,↓,23:02,23:02,23:05,23:08,↓,23:11,23:12,23:15,↓,23:20,23:21,23:25,23:29,23:32,23:35,23:38
5065,普通,22:53,22:55,22:58,23:01,23:04,23:07,23:09,23:12,23:13,23:16,23:19,23:22,23:24,23:28,23:31,23:33,23:37,23:38,23:42,23:46,23:49,23:52,23:55
3053,快速,23:00,23:03,23:06,23:09,23:12,↓,↓,↓,↓,↓,23:22,↓,23:26,23:26,↓,↓,23:33,23:34,↓,↓,↓,↓,23:46
5389,普通,23:03,23:06,23:09,23:12,23:14,23:18,23:20,23:23,23:23,23:26,23:29,23:32,23:34,23:34,23:38,23:40,23:44,・・,・・,・・,・・,・・,・・
5391,普通,23:10,23:12,23:15,23:18,23:21,23:24,23:26,23:29,23:30,23:33,23:36,23:38,23:40,23:45,23:48,23:50,23:54,・・,・・,・・,・・,・・,・・
4095,区快,23:15,23:18,23:21,23:24,23:26,↓,↓,23:32,23:33,23:36,23:39,↓,23:42,23:43,23:46,↓,23:51,23:52,23:56,0:00,0:03,0:06,0:09
5393,普通,23:22,23:25,23:28,23:31,23:33,23:36,23:38,23:42,23:42,23:45,23:48,23:51,23:53,23:53,23:56,23:59,0:03,・・,・・,・・,・・,・・,・・
4097,区快,23:30,23:33,23:36,23:39,23:41,↓,↓,23:47,23:48,23:51,23:54,↓,23:57,23:58,0:01,↓,0:06,0:07,0:11,0:15,0:18,0:21,0:23
5395,普通,23:35,23:37,23:40,23:43,23:46,23:49,23:51,23:54,23:54,23:58,0:00,0:03,0:05,0:06,0:09,0:11,0:15,・・,・・,・・,・・,・・,・・
5067,普通,23:45,23:47,23:50,23:53,23:56,23:59,0:01,0:04,0:04,0:08,0:10,0:13,0:15,0:16,0:19,0:21,0:25,0:26,0:31,0:34,0:37,0:41,0:43
5397,普通,23:54,23:56,23:59,0:02,0:05,0:08,0:10,0:13,0:14,0:17,0:20,0:22,0:24,0:25,0:28,0:30,0:34,・・,・・,・・,・・,・・,・・
5399,普通,0:06,0:08,0:11,0:14,0:17,0:20,0:22,0:25,0:25,0:29,0:31,0:34,0:36,0:37,0:40,0:42,0:46,・・,・・,・・,・・,・・,・・
5591,普通,・・,・・,・・,・・,0:25,0:28,0:30,0:33,・・,・・,・・,・・,・・,・・,・・,・・,・・,・・,・・,・・,・・,・・,・・
5401,普通,0:18,0:20,0:23,0:26,0:29,0:32,0:34,0:37,0:37,0:41,0:43,0:46,0:48,0:49,0:52,0:54,0:58,・・,・・,・・,・・,・・,・・
